{"usage_lag_7": 0.6626068353652954, "rolling_mean_7": 0.09967482089996338, "rolling_mean_14": 0.0734897255897522, "weekday": 0.031261421740055084, "region_East US": 0.023069297894835472, "service_type_storage": 0.022479459643363953, "region_Southeast Asia": 0.01978335715830326, "region_South India": 0.015943355858325958, "service_type_network": 0.011036758311092854, "usage_lag_1": 0.0106779420748353}