{"rmse": 79.43879561127741, "mae": 60.8055745950428, "r2": 0.9252859437258452, "cv_rmse_mean": 159.27962069393763}